,Code,Name,Continent,Region,SurfaceArea,IndepYear,Population,LifeExpectancy,GNP,GNPOld,LocalName,GovernmentForm,HeadOfState,Capital,Code2
0,ABW,Aruba,North America,Caribbean,193.0,,103000,78.4,828.0,793.0,Aruba,Nonmetropolitan Territory of The Netherlands,Beatrix,129,AW
1,AIA,Anguilla,North America,Caribbean,96.0,,8000,76.1,63.2,,Anguilla,Dependent Territory of the UK,Elisabeth II,62,AI
2,ALB,Albania,Europe,Southern Europe,28748.0,1912.0,3401200,71.6,3205.0,2500.0,Shqipëria,Republic,Rexhep Mejdani,34,AL
3,AND,Andorra,Europe,Southern Europe,468.0,1278.0,78000,83.5,1630.0,,Andorra,Parliamentary Coprincipality,,55,AD
4,ANT,Netherlands Antilles,North America,Caribbean,800.0,,217000,74.7,1941.0,,Nederlandse Antillen,Nonmetropolitan Territory of The Netherlands,Beatrix,33,AN
5,ARE,United Arab Emirates,Asia,Middle East,83600.0,1971.0,2441000,74.1,37966.0,36846.0,Al-Imarat al-´Arabiya al-Muttahida,Emirate Federation,Zayid bin Sultan al-Nahayan,65,AE
6,ARG,Argentina,South America,South America,2780400.0,1816.0,37032000,75.1,340238.0,323310.0,Argentina,Federal Republic,Fernando de la Rúa,69,AR
7,ARM,Armenia,Asia,Middle East,29800.0,1991.0,3520000,66.4,1813.0,1627.0,Hajastan,Republic,Robert Kotšarjan,126,AM
8,ASM,American Samoa,Oceania,Polynesia,199.0,,68000,75.1,334.0,,Amerika Samoa,US Territory,George W. Bush,54,AS
9,ATG,Antigua and Barbuda,North America,Caribbean,442.0,1981.0,68000,70.5,612.0,584.0,Antigua and Barbuda,Constitutional Monarchy,Elisabeth II,63,AG
10,AUS,Australia,Oceania,Australia and New Zealand,7741220.0,1901.0,18886000,79.8,351182.0,392911.0,Australia,"Constitutional Monarchy, Federation",Elisabeth II,135,AU
11,AUT,Austria,Europe,Western Europe,83859.0,1918.0,8091800,77.7,211860.0,206025.0,Österreich,Federal Republic,Thomas Klestil,1523,AT
12,AZE,Azerbaijan,Asia,Middle East,86600.0,1991.0,7734000,62.9,4127.0,4100.0,Azärbaycan,Federal Republic,Heydär Äliyev,144,AZ
13,BEL,Belgium,Europe,Western Europe,30518.0,1830.0,10239000,77.8,249704.0,243948.0,België/Belgique,"Constitutional Monarchy, Federation",Albert II,179,BE
14,BGD,Bangladesh,Asia,Southern and Central Asia,143998.0,1971.0,129155000,60.2,32852.0,31966.0,Bangladesh,Republic,Shahabuddin Ahmad,150,BD
15,BGR,Bulgaria,Europe,Eastern Europe,110994.0,1908.0,8190900,70.9,12178.0,10169.0,Balgarija,Republic,Petar Stojanov,539,BG
16,BHR,Bahrain,Asia,Middle East,694.0,1971.0,617000,73.0,6366.0,6097.0,Al-Bahrayn,Monarchy (Emirate),Hamad ibn Isa al-Khalifa,149,BH
17,BHS,Bahamas,North America,Caribbean,13878.0,1973.0,307000,71.1,3527.0,3347.0,The Bahamas,Constitutional Monarchy,Elisabeth II,148,BS
18,BIH,Bosnia and Herzegovina,Europe,Southern Europe,51197.0,1992.0,3972000,71.5,2841.0,,Bosna i Hercegovina,Federal Republic,Ante Jelavic,201,BA
19,BLR,Belarus,Europe,Eastern Europe,207600.0,1991.0,10236000,68.0,13714.0,,Belarus,Republic,Aljaksandr Lukašenka,3520,BY
20,BLZ,Belize,North America,Central America,22696.0,1981.0,241000,70.9,630.0,616.0,Belize,Constitutional Monarchy,Elisabeth II,185,BZ
21,BMU,Bermuda,North America,North America,53.0,,65000,76.9,2328.0,2190.0,Bermuda,Dependent Territory of the UK,Elisabeth II,191,BM
22,BOL,Bolivia,South America,South America,1098581.0,1825.0,8329000,63.7,8571.0,7967.0,Bolivia,Republic,Hugo Bánzer Suárez,194,BO
23,BRA,Brazil,South America,South America,8547403.0,1822.0,170115000,62.9,776739.0,804108.0,Brasil,Federal Republic,Fernando Henrique Cardoso,211,BR
24,BRB,Barbados,North America,Caribbean,430.0,1966.0,270000,73.0,2223.0,2186.0,Barbados,Constitutional Monarchy,Elisabeth II,174,BB
25,BRN,Brunei,Asia,Southeast Asia,5765.0,1984.0,328000,73.6,11705.0,12460.0,Brunei Darussalam,Monarchy (Sultanate),Haji Hassan al-Bolkiah,538,BN
26,CAN,Canada,North America,North America,9970610.0,1867.0,31147000,79.4,598862.0,625626.0,Canada,"Constitutional Monarchy, Federation",Elisabeth II,1822,CA
27,CHE,Switzerland,Europe,Western Europe,41284.0,1499.0,7160400,79.6,264478.0,256092.0,Schweiz/Suisse/Svizzera/Svizra,Federation,Adolf Ogi,3248,CH
28,CHL,Chile,South America,South America,756626.0,1810.0,15211000,75.7,72949.0,75780.0,Chile,Republic,Ricardo Lagos Escobar,554,CL
29,CHN,China,Asia,Eastern Asia,9572900.0,-1523.0,1277558000,71.4,982268.0,917719.0,Zhongquo,People'sRepublic,Jiang Zemin,1891,CN
30,COK,Cook Islands,Oceania,Polynesia,236.0,,20000,71.1,100.0,,The Cook Islands,Nonmetropolitan Territory of New Zealand,Elisabeth II,583,CK
31,COL,Colombia,South America,South America,1138914.0,1810.0,42321000,70.3,102896.0,105116.0,Colombia,Republic,Andrés Pastrana Arango,2257,CO
32,CPV,Cape Verde,Africa,Western Africa,4033.0,1975.0,428000,68.9,435.0,420.0,Cabo Verde,Republic,António Mascarenhas Monteiro,1859,CV
33,CRI,Costa Rica,North America,Central America,51100.0,1821.0,4023000,75.8,10226.0,9757.0,Costa Rica,Republic,Miguel Ángel Rodríguez Echeverría,584,CR
34,CUB,Cuba,North America,Caribbean,110861.0,1902.0,11201000,76.2,17843.0,18862.0,Cuba,Socialistic Republic,Fidel Castro Ruz,2413,CU
35,CYM,Cayman Islands,North America,Caribbean,264.0,,38000,78.9,1263.0,1186.0,Cayman Islands,Dependent Territory of the UK,Elisabeth II,553,KY
36,CYP,Cyprus,Asia,Middle East,9251.0,1960.0,754700,76.7,9333.0,8246.0,Kýpros/Kibris,Republic,Glafkos Klerides,2430,CY
37,CZE,Czech Republic,Europe,Eastern Europe,78866.0,1993.0,10278100,74.5,55017.0,52037.0,¸esko,Republic,Václav Havel,3339,CZ
38,DEU,Germany,Europe,Western Europe,357022.0,1955.0,82164700,77.4,2133367.0,2102826.0,Deutschland,Federal Republic,Johannes Rau,3068,DE
39,DMA,Dominica,North America,Caribbean,751.0,1978.0,71000,73.4,256.0,243.0,Dominica,Republic,Vernon Shaw,586,DM
40,DNK,Denmark,Europe,Nordic Countries,43094.0,800.0,5330000,76.5,174099.0,169264.0,Danmark,Constitutional Monarchy,Margrethe II,3315,DK
41,DOM,Dominican Republic,North America,Caribbean,48511.0,1844.0,8495000,73.2,15846.0,15076.0,República Dominicana,Republic,Hipólito Mejía Domínguez,587,DO
42,DZA,Algeria,Africa,Northern Africa,2381741.0,1962.0,31471000,69.7,49982.0,46966.0,Al-Jaza’ir/Algérie,Republic,Abdelaziz Bouteflika,35,DZ
43,ECU,Ecuador,South America,South America,283561.0,1822.0,12646000,71.1,19770.0,19769.0,Ecuador,Republic,Gustavo Noboa Bejarano,594,EC
44,EGY,Egypt,Africa,Northern Africa,1001449.0,1922.0,68470000,63.3,82710.0,75617.0,Misr,Republic,Hosni Mubarak,608,EG
45,ESP,Spain,Europe,Southern Europe,505992.0,1492.0,39441700,78.8,553233.0,532031.0,España,Constitutional Monarchy,Juan Carlos I,653,ES
46,EST,Estonia,Europe,Baltic Countries,45227.0,1991.0,1439200,69.5,5328.0,3371.0,Eesti,Republic,Lennart Meri,3791,EE
47,FIN,Finland,Europe,Nordic Countries,338145.0,1917.0,5171300,77.4,121914.0,119833.0,Suomi,Republic,Tarja Halonen,3236,FI
48,FJI,Fiji Islands,Oceania,Melanesia,18274.0,1970.0,817000,67.9,1536.0,2149.0,Fiji Islands,Republic,Josefa Iloilo,764,FJ
49,FRA,France,Europe,Western Europe,551500.0,843.0,59225700,78.8,1424285.0,1392448.0,France,Republic,Jacques Chirac,2974,FR
50,FRO,Faroe Islands,Europe,Nordic Countries,1399.0,,43000,78.4,0.0,,Føroyar,Part of Denmark,Margrethe II,901,FO
51,FSM,"Micronesia, Federated States of",Oceania,Micronesia,702.0,1990.0,119000,68.6,212.0,,Micronesia,Federal Republic,Leo A. Falcam,2689,FM
52,GBR,United Kingdom,Europe,British Islands,242900.0,1066.0,59623400,77.7,1378330.0,1296830.0,United Kingdom,Constitutional Monarchy,Elisabeth II,456,GB
53,GEO,Georgia,Asia,Middle East,69700.0,1991.0,4968000,64.5,6064.0,5924.0,Sakartvelo,Republic,Eduard Ševardnadze,905,GE
54,GIB,Gibraltar,Europe,Southern Europe,6.0,,25000,79.0,258.0,,Gibraltar,Dependent Territory of the UK,Elisabeth II,915,GI
55,GLP,Guadeloupe,North America,Caribbean,1705.0,,456000,77.0,3501.0,,Guadeloupe,Overseas Department of France,Jacques Chirac,919,GP
56,GRC,Greece,Europe,Southern Europe,131626.0,1830.0,10545700,78.4,120724.0,119946.0,Elláda,Republic,Kostis Stefanopoulos,2401,GR
57,GRD,Grenada,North America,Caribbean,344.0,1974.0,94000,64.5,318.0,,Grenada,Constitutional Monarchy,Elisabeth II,916,GD
58,GRL,Greenland,North America,North America,2166090.0,,56000,68.1,0.0,,Kalaallit Nunaat/Grønland,Part of Denmark,Margrethe II,917,GL
59,GTM,Guatemala,North America,Central America,108889.0,1821.0,11385000,66.2,19008.0,17797.0,Guatemala,Republic,Alfonso Portillo Cabrera,922,GT
60,GUF,French Guiana,South America,South America,90000.0,,181000,76.1,681.0,,Guyane française,Overseas Department of France,Jacques Chirac,3014,GF
61,GUM,Guam,Oceania,Micronesia,549.0,,168000,77.8,1197.0,1136.0,Guam,US Territory,George W. Bush,921,GU
62,GUY,Guyana,South America,South America,214969.0,1966.0,861000,64.0,722.0,743.0,Guyana,Republic,Bharrat Jagdeo,928,GY
63,HKG,Hong Kong,Asia,Eastern Asia,1075.0,,6782000,79.5,166448.0,173610.0,Xianggang/Hong Kong,Special Administrative Region of China,Jiang Zemin,937,HK
64,HND,Honduras,North America,Central America,112088.0,1838.0,6485000,69.9,5333.0,4697.0,Honduras,Republic,Carlos Roberto Flores Facussé,933,HN
65,HRV,Croatia,Europe,Southern Europe,56538.0,1991.0,4473000,73.7,20208.0,19300.0,Hrvatska,Republic,Štipe Mesic,2409,HR
66,HUN,Hungary,Europe,Eastern Europe,93030.0,1918.0,10043200,71.4,48267.0,45914.0,Magyarország,Republic,Ferenc Mádl,3483,HU
67,IDN,Indonesia,Asia,Southeast Asia,1904569.0,1945.0,212107000,68.0,84982.0,215002.0,Indonesia,Republic,Abdurrahman Wahid,939,ID
68,IND,India,Asia,Southern and Central Asia,3287263.0,1947.0,1013662000,62.5,447114.0,430572.0,Bharat/India,Federal Republic,Kocheril Raman Narayanan,1109,IN
69,IRL,Ireland,Europe,British Islands,70273.0,1921.0,3775100,76.8,75921.0,73132.0,Ireland/Éire,Republic,Mary McAleese,1447,IE
70,IRN,Iran,Asia,Southern and Central Asia,1648195.0,1906.0,67702000,69.7,195746.0,160151.0,Iran,Islamic Republic,Ali Mohammad Khatami-Ardakani,1380,IR
71,IRQ,Iraq,Asia,Middle East,438317.0,1932.0,23115000,66.5,11500.0,,Al-´Iraq,Republic,Saddam Hussein al-Takriti,1365,IQ
72,ISL,Iceland,Europe,Nordic Countries,103000.0,1944.0,279000,79.4,8255.0,7474.0,Ísland,Republic,Ólafur Ragnar Grímsson,1449,IS
73,ISR,Israel,Asia,Middle East,21056.0,1948.0,6217000,78.6,97477.0,98577.0,Yisra’el/Isra’il,Republic,Moshe Katzav,1450,IL
74,ITA,Italy,Europe,Southern Europe,301316.0,1861.0,57680000,79.0,1161755.0,1145372.0,Italia,Republic,Carlo Azeglio Ciampi,1464,IT
75,JAM,Jamaica,North America,Caribbean,10990.0,1962.0,2583000,75.2,6871.0,6722.0,Jamaica,Constitutional Monarchy,Elisabeth II,1530,JM
76,JOR,Jordan,Asia,Middle East,88946.0,1946.0,5083000,77.4,7526.0,7051.0,Al-Urdunn,Constitutional Monarchy,Abdullah II,1786,JO
77,JPN,Japan,Asia,Eastern Asia,377829.0,-660.0,126714000,80.7,3787042.0,4192638.0,Nihon/Nippon,Constitutional Monarchy,Akihito,1532,JP
78,KAZ,Kazakstan,Asia,Southern and Central Asia,2724900.0,1991.0,16223000,63.2,24375.0,23383.0,Qazaqstan,Republic,Nursultan Nazarbajev,1864,KZ
79,KGZ,Kyrgyzstan,Asia,Southern and Central Asia,199900.0,1991.0,4699000,63.4,1626.0,1767.0,Kyrgyzstan,Republic,Askar Akajev,2253,KG
80,KNA,Saint Kitts and Nevis,North America,Caribbean,261.0,1983.0,38000,70.7,299.0,,Saint Kitts and Nevis,Constitutional Monarchy,Elisabeth II,3064,KN
81,KOR,South Korea,Asia,Eastern Asia,99434.0,1948.0,46844000,74.4,320749.0,442544.0,Taehan Min’guk (Namhan),Republic,Kim Dae-jung,2331,KR
82,KWT,Kuwait,Asia,Middle East,17818.0,1961.0,1972000,76.1,27037.0,30373.0,Al-Kuwayt,Constitutional Monarchy (Emirate),Jabir al-Ahmad al-Jabir al-Sabah,2429,KW
83,LBN,Lebanon,Asia,Middle East,10400.0,1941.0,3282000,71.3,17121.0,15129.0,Lubnan,Republic,Émile Lahoud,2438,LB
84,LBY,Libyan Arab Jamahiriya,Africa,Northern Africa,1759540.0,1951.0,5605000,75.5,44806.0,40562.0,Libiya,Socialistic State,Muammar al-Qadhafi,2441,LY
85,LCA,Saint Lucia,North America,Caribbean,622.0,1979.0,154000,72.3,571.0,,Saint Lucia,Constitutional Monarchy,Elisabeth II,3065,LC
86,LIE,Liechtenstein,Europe,Western Europe,160.0,1806.0,32300,78.8,1119.0,1084.0,Liechtenstein,Constitutional Monarchy,Hans-Adam II,2446,LI
87,LKA,Sri Lanka,Asia,Southern and Central Asia,65610.0,1948.0,18827000,71.8,15706.0,15091.0,Sri Lanka/Ilankai,Republic,Chandrika Kumaratunga,3217,LK
88,LTU,Lithuania,Europe,Baltic Countries,65301.0,1991.0,3698500,69.1,10692.0,9585.0,Lietuva,Republic,Valdas Adamkus,2447,LT
89,LUX,Luxembourg,Europe,Western Europe,2586.0,1867.0,435700,77.1,16321.0,15519.0,Luxembourg/Lëtzebuerg,Constitutional Monarchy,Henri,2452,LU
90,LVA,Latvia,Europe,Baltic Countries,64589.0,1991.0,2424200,68.4,6398.0,5639.0,Latvija,Republic,Vaira Vike-Freiberga,2434,LV
91,MAC,Macao,Asia,Eastern Asia,18.0,,473000,81.6,5749.0,5940.0,Macau/Aomen,Special Administrative Region of China,Jiang Zemin,2454,MO
92,MAR,Morocco,Africa,Northern Africa,446550.0,1956.0,28351000,69.1,36124.0,33514.0,Al-Maghrib,Constitutional Monarchy,Mohammed VI,2486,MA
93,MCO,Monaco,Europe,Western Europe,1.5,1861.0,34000,78.8,776.0,,Monaco,Constitutional Monarchy,Rainier III,2695,MC
94,MDA,Moldova,Europe,Eastern Europe,33851.0,1991.0,4380000,64.5,1579.0,1872.0,Moldova,Republic,Vladimir Voronin,2690,MD
95,MDV,Maldives,Asia,Southern and Central Asia,298.0,1965.0,286000,62.2,199.0,,Dhivehi Raajje/Maldives,Republic,Maumoon Abdul Gayoom,2463,MV
96,MEX,Mexico,North America,Central America,1958201.0,1810.0,98881000,71.5,414972.0,401461.0,México,Federal Republic,Vicente Fox Quesada,2515,MX
97,MHL,Marshall Islands,Oceania,Micronesia,181.0,1990.0,64000,65.5,97.0,,Marshall Islands/Majol,Republic,Kessai Note,2507,MH
98,MKD,Macedonia,Europe,Southern Europe,25713.0,1991.0,2024000,73.8,1694.0,1915.0,Makedonija,Republic,Boris Trajkovski,2460,MK
99,MLT,Malta,Europe,Southern Europe,316.0,1964.0,380200,77.9,3512.0,3338.0,Malta,Republic,Guido de Marco,2484,MT
100,MNG,Mongolia,Asia,Eastern Asia,1566500.0,1921.0,2662000,67.3,1043.0,933.0,Mongol Uls,Republic,Natsagiin Bagabandi,2696,MN
101,MNP,Northern Mariana Islands,Oceania,Micronesia,464.0,,78000,75.5,0.0,,Northern Mariana Islands,Commonwealth of the US,George W. Bush,2913,MP
102,MSR,Montserrat,North America,Caribbean,102.0,,11000,78.0,109.0,,Montserrat,Dependent Territory of the UK,Elisabeth II,2697,MS
103,MTQ,Martinique,North America,Caribbean,1102.0,,395000,78.3,2731.0,2559.0,Martinique,Overseas Department of France,Jacques Chirac,2508,MQ
104,MUS,Mauritius,Africa,Eastern Africa,2040.0,1968.0,1158000,71.0,4251.0,4186.0,Mauritius,Republic,Cassam Uteem,2511,MU
105,MYS,Malaysia,Asia,Southeast Asia,329758.0,1957.0,22244000,70.8,69213.0,97884.0,Malaysia,"Constitutional Monarchy, Federation",Salahuddin Abdul Aziz Shah Alhaj,2464,MY
106,NCL,New Caledonia,Oceania,Melanesia,18575.0,,214000,72.8,3563.0,,Nouvelle-Calédonie,Nonmetropolitan Territory of France,Jacques Chirac,3493,NC
107,NIC,Nicaragua,North America,Central America,130000.0,1838.0,5074000,68.7,1988.0,2023.0,Nicaragua,Republic,Arnoldo Alemán Lacayo,2734,NI
108,NLD,Netherlands,Europe,Western Europe,41526.0,1581.0,15864000,78.3,371362.0,360478.0,Nederland,Constitutional Monarchy,Beatrix,5,NL
109,NOR,Norway,Europe,Nordic Countries,323877.0,1905.0,4478500,78.7,145895.0,153370.0,Norge,Constitutional Monarchy,Harald V,2807,NO
110,NRU,Nauru,Oceania,Micronesia,21.0,1968.0,12000,60.8,197.0,,Naoero/Nauru,Republic,Bernard Dowiyogo,2728,NR
111,NZL,New Zealand,Oceania,Australia and New Zealand,270534.0,1907.0,3862000,77.8,54669.0,64960.0,New Zealand/Aotearoa,Constitutional Monarchy,Elisabeth II,3499,NZ
112,OMN,Oman,Asia,Middle East,309500.0,1951.0,2542000,71.8,16904.0,16153.0,´Uman,Monarchy (Sultanate),Qabus ibn Sa´id,2821,OM
113,PAK,Pakistan,Asia,Southern and Central Asia,796095.0,1947.0,156483000,61.1,61289.0,58549.0,Pakistan,Republic,Mohammad Rafiq Tarar,2831,PK
114,PAN,Panama,North America,Central America,75517.0,1903.0,2856000,75.5,9131.0,8700.0,Panamá,Republic,Mireya Elisa Moscoso Rodríguez,2882,PA
115,PER,Peru,South America,South America,1285216.0,1821.0,25662000,70.0,64140.0,65186.0,Perú/Piruw,Republic,Valentin Paniagua Corazao,2890,PE
116,PHL,Philippines,Asia,Southeast Asia,300000.0,1946.0,75967000,67.5,65107.0,82239.0,Pilipinas,Republic,Gloria Macapagal-Arroyo,766,PH
117,PLW,Palau,Oceania,Micronesia,459.0,1994.0,19000,68.6,105.0,,Belau/Palau,Republic,Kuniwo Nakamura,2881,PW
118,PNG,Papua New Guinea,Oceania,Melanesia,462840.0,1975.0,4807000,63.1,4988.0,6328.0,Papua New Guinea/Papua Niugini,Constitutional Monarchy,Elisabeth II,2884,PG
119,POL,Poland,Europe,Eastern Europe,323250.0,1918.0,38653600,73.2,151697.0,135636.0,Polska,Republic,Aleksander Kwasniewski,2928,PL
120,PRI,Puerto Rico,North America,Caribbean,8875.0,,3869000,75.6,34100.0,32100.0,Puerto Rico,Commonwealth of the US,George W. Bush,2919,PR
121,PRK,North Korea,Asia,Eastern Asia,120538.0,1948.0,24039000,70.7,5332.0,,Choson Minjujuui In´min Konghwaguk (Bukhan),Socialistic Republic,Kim Jong-il,2318,KP
122,PRT,Portugal,Europe,Southern Europe,91982.0,1143.0,9997600,75.8,105954.0,102133.0,Portugal,Republic,Jorge Sampãio,2914,PT
123,PRY,Paraguay,South America,South America,406752.0,1811.0,5496000,73.7,8444.0,9555.0,Paraguay,Republic,Luis Ángel González Macchi,2885,PY
124,PSE,Palestine,Asia,Middle East,6257.0,,3101000,71.4,4173.0,,Filastin,Autonomous Area,Yasser (Yasir) Arafat,4074,PS
125,PYF,French Polynesia,Oceania,Polynesia,4000.0,,235000,74.8,818.0,781.0,Polynésie française,Nonmetropolitan Territory of France,Jacques Chirac,3016,PF
126,QAT,Qatar,Asia,Middle East,11000.0,1971.0,599000,72.4,9472.0,8920.0,Qatar,Monarchy,Hamad ibn Khalifa al-Thani,2973,QA
127,REU,Réunion,Africa,Eastern Africa,2510.0,,699000,72.7,8287.0,7988.0,Réunion,Overseas Department of France,Jacques Chirac,3017,RE
128,ROM,Romania,Europe,Eastern Europe,238391.0,1878.0,22455500,69.9,38158.0,34843.0,România,Republic,Ion Iliescu,3018,RO
129,RUS,Russian Federation,Europe,Eastern Europe,17075400.0,1991.0,146934000,67.2,276608.0,442989.0,Rossija,Federal Republic,Vladimir Putin,3580,RU
130,SAU,Saudi Arabia,Asia,Middle East,2149690.0,1932.0,21607000,67.8,137635.0,146171.0,Al-´Arabiya as-Sa´udiya,Monarchy,Fahd ibn Abdul-Aziz al-Sa´ud,3173,SA
131,SEN,Senegal,Africa,Western Africa,196722.0,1960.0,9481000,62.2,4787.0,4542.0,Sénégal/Sounougal,Republic,Abdoulaye Wade,3198,SN
132,SGP,Singapore,Asia,Southeast Asia,618.0,1965.0,3567000,80.1,86503.0,96318.0,Singapore/Singapura/Xinjiapo/Singapur,Republic,Sellapan Rama Nathan,3208,SG
133,SHN,Saint Helena,Africa,Western Africa,314.0,,6000,76.8,0.0,,Saint Helena,Dependent Territory of the UK,Elisabeth II,3063,SH
134,SLB,Solomon Islands,Oceania,Melanesia,28896.0,1978.0,444000,71.3,182.0,220.0,Solomon Islands,Constitutional Monarchy,Elisabeth II,3161,SB
135,SLV,El Salvador,North America,Central America,21041.0,1841.0,6276000,69.7,11863.0,11203.0,El Salvador,Republic,Francisco Guillermo Flores Pérez,645,SV
136,SMR,San Marino,Europe,Southern Europe,61.0,885.0,27000,81.1,510.0,,San Marino,Republic,,3171,SM
137,SPM,Saint Pierre and Miquelon,North America,North America,242.0,,7000,77.6,0.0,,Saint-Pierre-et-Miquelon,Territorial Collectivity of France,Jacques Chirac,3067,PM
138,STP,Sao Tome and Principe,Africa,Central Africa,964.0,1975.0,147000,65.3,6.0,,São Tomé e Príncipe,Republic,Miguel Trovoada,3172,ST
139,SUR,Suriname,South America,South America,163265.0,1975.0,417000,71.4,870.0,706.0,Suriname,Republic,Ronald Venetiaan,3243,SR
140,SVK,Slovakia,Europe,Eastern Europe,49012.0,1993.0,5398700,73.7,20594.0,19452.0,Slovensko,Republic,Rudolf Schuster,3209,SK
141,SVN,Slovenia,Europe,Southern Europe,20256.0,1991.0,1987800,74.9,19756.0,18202.0,Slovenija,Republic,Milan Kucan,3212,SI
142,SWE,Sweden,Europe,Nordic Countries,449964.0,836.0,8861400,79.6,226492.0,227757.0,Sverige,Constitutional Monarchy,Carl XVI Gustaf,3048,SE
143,SYC,Seychelles,Africa,Eastern Africa,455.0,1976.0,77000,70.4,536.0,539.0,Sesel/Seychelles,Republic,France-Albert René,3206,SC
144,SYR,Syria,Asia,Middle East,185180.0,1941.0,16125000,68.5,65984.0,64926.0,Suriya,Republic,Bashar al-Assad,3250,SY
145,TCA,Turks and Caicos Islands,North America,Caribbean,430.0,,17000,73.3,96.0,,The Turks and Caicos Islands,Dependent Territory of the UK,Elisabeth II,3423,TC
146,THA,Thailand,Asia,Southeast Asia,513115.0,1350.0,61399000,68.6,116416.0,153907.0,Prathet Thai,Constitutional Monarchy,Bhumibol Adulyadej,3320,TH
147,TJK,Tajikistan,Asia,Southern and Central Asia,143100.0,1991.0,6188000,64.1,1990.0,1056.0,Toçikiston,Republic,Emomali Rahmonov,3261,TJ
148,TKM,Turkmenistan,Asia,Southern and Central Asia,488100.0,1991.0,4459000,60.9,4397.0,2000.0,Türkmenostan,Republic,Saparmurad Nijazov,3419,TM
149,TON,Tonga,Oceania,Polynesia,650.0,1970.0,99000,67.9,146.0,170.0,Tonga,Monarchy,Taufa'ahau Tupou IV,3334,TO
150,TTO,Trinidad and Tobago,North America,Caribbean,5130.0,1962.0,1295000,68.0,6232.0,5867.0,Trinidad and Tobago,Republic,Arthur N. R. Robinson,3336,TT
151,TUN,Tunisia,Africa,Northern Africa,163610.0,1956.0,9586000,73.7,20026.0,18898.0,Tunis/Tunisie,Republic,Zine al-Abidine Ben Ali,3349,TN
152,TUR,Turkey,Asia,Middle East,774815.0,1923.0,66591000,71.0,210721.0,189122.0,Türkiye,Republic,Ahmet Necdet Sezer,3358,TR
153,TUV,Tuvalu,Oceania,Polynesia,26.0,1978.0,12000,66.3,6.0,,Tuvalu,Constitutional Monarchy,Elisabeth II,3424,TV
154,TWN,Taiwan,Asia,Eastern Asia,36188.0,1945.0,22256000,76.4,256254.0,263451.0,T’ai-wan,Republic,Chen Shui-bian,3263,TW
155,UKR,Ukraine,Europe,Eastern Europe,603700.0,1991.0,50456000,66.0,42168.0,49677.0,Ukrajina,Republic,Leonid Kutšma,3426,UA
156,URY,Uruguay,South America,South America,175016.0,1828.0,3337000,75.2,20831.0,19967.0,Uruguay,Republic,Jorge Batlle Ibáñez,3492,UY
157,USA,United States,North America,North America,9363520.0,1776.0,278357000,77.1,8510700.0,8110900.0,United States,Federal Republic,George W. Bush,3813,US
158,UZB,Uzbekistan,Asia,Southern and Central Asia,447400.0,1991.0,24318000,63.7,14194.0,21300.0,Uzbekiston,Republic,Islam Karimov,3503,UZ
159,VCT,Saint Vincent and the Grenadines,North America,Caribbean,388.0,1979.0,114000,72.3,285.0,,Saint Vincent and the Grenadines,Constitutional Monarchy,Elisabeth II,3066,VC
160,VEN,Venezuela,South America,South America,912050.0,1811.0,24170000,73.1,95023.0,88434.0,Venezuela,Federal Republic,Hugo Chávez Frías,3539,VE
161,VGB,"Virgin Islands, British",North America,Caribbean,151.0,,21000,75.4,612.0,573.0,British Virgin Islands,Dependent Territory of the UK,Elisabeth II,537,VG
162,VIR,"Virgin Islands, U.S.",North America,Caribbean,347.0,,93000,78.1,0.0,,Virgin Islands of the United States,US Territory,George W. Bush,4067,VI
163,VNM,Vietnam,Asia,Southeast Asia,331689.0,1945.0,79832000,69.3,21929.0,22834.0,Viêt Nam,Socialistic Republic,Trân Duc Luong,3770,VN
164,VUT,Vanuatu,Oceania,Melanesia,12189.0,1980.0,190000,60.6,261.0,246.0,Vanuatu,Republic,John Bani,3537,VU
165,WSM,Samoa,Oceania,Polynesia,2831.0,1962.0,180000,69.2,141.0,157.0,Samoa,Parlementary Monarchy,Malietoa Tanumafili II,3169,WS
166,YUG,Yugoslavia,Europe,Southern Europe,102173.0,1918.0,10640000,72.4,17000.0,,Jugoslavija,Federal Republic,Vojislav Koštunica,1792,YU
